id;created;updated;deleted;media;media_info
1;2019-06-03T21:43:48;2019-06-03T19:00:27;true;IMAGE;Industrial
2;2019-06-03T08:59:47;2019-06-03T10:36:29;false;IMAGE;Awesome
3;2019-06-04T00:30:27;2019-06-03T16:42:40;false;IMAGE;Louisiana Specialist Home Loan Account
4;2019-06-03T22:35:14;2019-06-04T01:49:44;false;IMAGE;orange Books
5;2019-06-03T09:38:25;2019-06-04T00:26:20;true;IMAGE;Internal
6;2019-06-03T08:48:37;2019-06-03T14:15:07;false;IMAGE;moratorium moratorium
7;2019-06-03T11:42:03;2019-06-03T15:01:12;true;IMAGE;embrace Developer
8;2019-06-03T08:50:14;2019-06-03T10:57:09;true;IMAGE;Poland
9;2019-06-03T18:57:01;2019-06-04T02:32:59;false;IMAGE;Harbor Montana
10;2019-06-03T12:31:08;2019-06-03T07:25:47;false;IMAGE;override User-centric
