id;created;updated;deleted;pet_type;nick;birthday;age;avatar;background
1;2019-06-04T03:21:49;2019-06-03T14:50:18;false;JINMAO;Refined Squares;maroon;89255;Ghana back-end National;Direct
2;2019-06-03T22:40:48;2019-06-03T23:44:26;true;JINMAO;Games;Iraq Bedfordshire;69243;encompassing;Directives
3;2019-06-03T21:27:15;2019-06-03T23:57:39;true;JINMAO;Versatile Exclusive Moroccan Dirham;capability zero tolerance Computers;60956;Berkshire Small Plastic Pants Investor;Canadian Dollar
4;2019-06-03T16:28:08;2019-06-03T17:27:52;false;JINMAO;Ergonomic transmitter;Point Orchestrator;39882;bypassing optical;installation
5;2019-06-04T00:44:05;2019-06-03T12:30:42;false;JINMAO;open-source turn-key;Sausages;69093;synthesize Creative;Forint
6;2019-06-03T11:33:58;2019-06-04T02:29:16;false;JINMAO;parsing;Borders content-based;99625;Agent;Human deposit
7;2019-06-03T21:04:28;2019-06-03T22:31:06;false;JINMAO;THX bypassing Marketing;Dynamic Home Loan Account Tools;10147;invoice Home Gloves;Buckinghamshire Ports
8;2019-06-03T05:20:40;2019-06-03T23:49:43;false;JINMAO;payment calculating;local area network Benin;50881;withdrawal Ergonomic;Strategist target
9;2019-06-03T07:48:08;2019-06-03T07:27:54;true;JINMAO;Libyan Dinar CSS;sensor;28077;Shoes deposit;Representative
10;2019-06-03T17:55:57;2019-06-03T06:19:01;false;JINMAO;architectures;Wisconsin Facilitator Incredible;30569;fuchsia eco-centric;Pants Maryland
